molecule_chembl_id,canonical_smiles,standard_value
CHEMBL90512,C/C(=N\N=C(\N)S)c1ccc(Cl)c(Cl)c1,50.0
CHEMBL327902,C/C(=N\NC(N)=O)c1cccc(Cl)c1,10000.0
CHEMBL88307,CC/C(=N\N=C(/S)NC)c1cccc(Br)c1,10000.0
CHEMBL90475,S=C(Nc1cccc(Cl)c1)N1CCC(c2cccc(Br)c2)=N1,1000.0
CHEMBL90371,CCC(N/N=C(/N)S)c1cccc(Br)c1,10000.0
CHEMBL88354,CC/C(=N\NC(N)=O)c1cccc(C(F)(F)F)c1,10000.0
CHEMBL440504,CC/C(=N\N=C(\N)S)c1ccccc1,10000.0
CHEMBL91644,CC/C(=N\N=C(/S)NCCN1CCNCC1)c1cccc(Br)c1,10000.0
CHEMBL315862,FC(F)(F)c1ccc(NC(=S)N2CCC(c3cccc(Br)c3)=N2)cc1,10000.0
CHEMBL328234,CC/C(=N\N=C(/S)Nc1ccccc1)c1cccc(Br)c1,10000.0
CHEMBL91643,CC/C(=N\NC(N)=O)c1cccc(Br)c1,10000.0
CHEMBL94235,N/C(S)=N/N=C/c1cccn1S(=O)(=O)c1ccccc1,2800.0
CHEMBL92099,CC/C(=N\N=C(\N)S)c1ccc(Cl)c(Cl)c1,20.0
CHEMBL90428,CC1CN(C(=N)S)N=C1c1cccc(Cl)c1,230.0
CHEMBL89915,CC/C(=N\N=C(\N)S)c1ccc2cc(OC)ccc2c1,10000.0
CHEMBL91640,N=C(S)N1CCC(c2cccc(C(F)(F)F)c2)=N1,80.0
CHEMBL91887,S=C(NCCN1CCOCC1)N1CCC(c2cccc(Br)c2)=N1,10000.0
CHEMBL328370,S=C(NCc1ccco1)N1CCC(c2cccc(Br)c2)=N1,10000.0
CHEMBL90339,C/C(=N\NC(N)=O)c1cccc(Br)c1,10000.0
CHEMBL90772,N=C(S)N/N=C/c1cc(C(F)(F)F)cc(C(F)(F)F)c1,320.0
CHEMBL89973,C/C(=N\N=C(\N)S)c1cc(C(F)(F)F)cc(C(F)(F)F)c1,60.0
CHEMBL88586,CC/C(=N\NC(N)=O)c1cccc(Cl)c1,10000.0
CHEMBL88782,NC(=O)N/N=C/c1ccc(-c2cccc(Cl)c2)o1,10000.0
CHEMBL93774,COc1ccccc1-c1ccc(/C=N/N=C(/N)S)o1,280.0
CHEMBL91844,N/C(S)=N/N=C/c1cccc(Br)c1,1300.0
CHEMBL90311,N=C(S)N/N=C/c1ccccc1C(F)(F)F,10000.0
CHEMBL90354,FC(F)(F)c1cccc(NC(=S)N2CCC(c3cccc(Cl)c3)=N2)c1,1700.0
CHEMBL313316,NC(=O)N/N=C/c1ccc(-c2ccc(Cl)cc2)o1,10000.0
CHEMBL92579,COc1cccc(/C(C)=N/N=C(/N)S)c1,10000.0
CHEMBL90819,C/C(=N\N=C(\N)S)c1ccccc1Br,3900.0
CHEMBL91344,CC/C(=N\N=C(\N)S)c1ccc(OC)cc1,10000.0
CHEMBL327582,CC/N=C(\S)N1CCC(c2cccc(Br)c2)=N1,10000.0
CHEMBL421737,C/C(=N\NC(N)=O)c1ccc(Cl)c(Cl)c1,10000.0
CHEMBL329128,N/C(S)=N/N=C/c1ccc(-c2cccc(Cl)c2)o1,140.0
CHEMBL89990,C/C(=N\N=C(\N)S)c1ccc(Br)s1,3800.0
CHEMBL90060,N/C(S)=N/N=C/c1ccc(-c2ccc(Br)cc2)o1,280.0
CHEMBL88734,C/C(=N\N=C(\N)S)c1cccc(Br)c1,200.0
CHEMBL330050,C/C(=N\N=C(\N)S)c1cccc(C(F)(F)F)c1,170.0
CHEMBL314026,NC(=S)N1CCC(c2cccc(Br)c2)=N1,200.0
CHEMBL91544,CC1CN(C(=N)S)N=C1c1ccc(Cl)c(Cl)c1,70.0
CHEMBL327577,N/C(S)=N/N=C/c1ccc(-c2ccc(Cl)cc2)o1,300.0
CHEMBL90808,Cn1c(/C=N/N=C(/N)S)cc2ccccc21,2800.0
CHEMBL92376,CC/C(=N\N=C(\N)S)c1cccc(C(F)(F)F)c1,50.0
CHEMBL406038,CC1CN(C(=N)S)N=C1c1cccc(Br)c1,80.0
CHEMBL90948,S=C(Nc1ccccc1)N1CCC(c2cccc(Br)c2)=N1,10000.0
CHEMBL91347,CCCCCC/N=C(\S)N1CCC(c2cccc(Br)c2)=N1,1400.0
CHEMBL90867,COc1ccc2ccccc2c1/C=N/N=C(/N)S,560.0
CHEMBL90235,C/C(=N\N=C(\N)S)c1ccccc1Cl,10000.0
CHEMBL91322,CC/C(=N\N=C(/S)NC(C)C)c1cccc(Br)c1,10000.0
CHEMBL329346,NC(=S)N1CCC(c2ccc(Cl)c(Cl)c2)=N1,60.0
CHEMBL92903,CC(C)/N=C(\S)N1CCC(c2cccc(Br)c2)=N1,10000.0
CHEMBL91893,NC(=O)N/N=C/c1ccc(-c2ccc(Br)cc2)o1,10000.0
CHEMBL91195,CC/N=C(\S)N/N=C(\CC)c1cccc(Br)c1,10000.0
CHEMBL91439,CC/C(=N\NC(N)=O)c1ccc(Cl)c(Cl)c1,10000.0
CHEMBL242103,COc1ccc(/C=N/NC(N)=S)cc1O,10000.0
CHEMBL330503,C/C(=N\NC(N)=O)c1cccc(C(F)(F)F)c1,10000.0
CHEMBL90859,CC/C(=N\N=C(/S)NCc1ccco1)c1cccc(Br)c1,10000.0
CHEMBL91266,N/C(S)=N/N=C/c1cc(C#Cc2ccccc2)cs1,10000.0
CHEMBL90023,CC/C(=N\N=C(\N)S)c1ccc(Br)cc1,10000.0
CHEMBL90181,C/C(=N\N=C(\N)S)c1ccc(Cl)s1,1900.0
CHEMBL93125,CC/C(=N\N=C(\N)S)c1ccc(Cl)cc1,10000.0
CHEMBL90688,N=C(S)N/N=C/c1cccc(C(F)(F)F)c1,480.0
CHEMBL420616,CC/C(=N\N=C(/S)Nc1ccc(C(F)(F)F)cc1)c1cccc(Br)c1,1600.0
CHEMBL421363,N/C(S)=N/N=C/c1cc(Cl)cc(Cl)c1,560.0
CHEMBL91003,CC1CN(C(=N)S)N=C1c1cccc(C(F)(F)F)c1,40.0
CHEMBL415311,N/C(S)=N/N=C/c1ccc(Cl)c(Cl)c1,460.0
CHEMBL90250,CC/C(=N\N=C(\N)S)c1ccc(Cl)cc1Cl,10000.0
CHEMBL91830,Cn1nc(-c2ccc(/C=N/N=C(/N)S)s2)cc1C(F)(F)F,7000.0
CHEMBL91267,C/C(=N\N=C(\N)S)c1ccc(N2CCOCC2)cc1,10000.0
CHEMBL313679,CC/C(=N\N=C(\N)S)c1cccc(Br)c1,100.0
CHEMBL330453,CN(C)c1ccc(/C=N/N=C(/N)S)c2ccccc12,10000.0
CHEMBL93166,CC/C(=N\N=C(\N)S)c1cc(C(F)(F)F)cc(C(F)(F)F)c1,20.0
CHEMBL90197,NC(=S)N1CCC(c2cccc(Cl)c2)=N1,270.0
CHEMBL90866,CC/C(=N\N=C(\N)S)c1cccc(Cl)c1,220.0
CHEMBL89974,CC/C(=N\NC(N)=O)c1cc(C(F)(F)F)cc(C(F)(F)F)c1,10000.0
CHEMBL92375,CC/C(=N\N=C(\N)S)c1cccc(F)c1,10000.0
CHEMBL93490,N/C(S)=N/N=C/c1cccc(Cl)c1Cl,10000.0
CHEMBL91201,C/N=C(\S)N1CCC(c2cccc(Br)c2)=N1,10000.0
CHEMBL119515,O=C1C(=O)N(C(=O)OCc2ccccc2)c2ccccc21,10000.0
CHEMBL326294,O=C1Nc2ccccc2C1=O,10000.0
CHEMBL118883,Cc1ccc2c(c1)C(=O)C(=O)N2,10000.0
CHEMBL119828,O=C1C(=O)N(S(=O)(=O)c2ccccc2)c2ccccc21,10000.0
CHEMBL118638,Cc1ccc(C)c(CN2C(=O)C(=O)c3cc(C)ccc32)c1,80000.0
CHEMBL119345,Cc1ccc2[nH]c(O)c(/N=N/C(=N)S)c2c1,50000.0
CHEMBL117447,O=C1C(=O)N(c2ccccc2)c2ccccc21,10000.0
CHEMBL326185,O=C1C(=O)N(C(=O)OCc2ccccc2)c2ccc(Cl)cc21,80000.0
CHEMBL118762,O=C1C(=O)N(C(=O)OCc2ccccc2)c2ccc(F)cc21,10000.0
CHEMBL115581,O=C1C(=O)N(Cc2ccccc2)c2ccccc21,10000.0
CHEMBL115897,O=C1Nc2ccc(Br)cc2C1=O,10000.0
CHEMBL120254,NC(=S)/N=N/c1c(O)[nH]c2ccc([N+](=O)[O-])cc12,30000.0
CHEMBL116040,O=C1Nc2ccc(F)cc2C1=O,10000.0
CHEMBL333636,Cc1cc(C)c2c(c1)C(=O)C(=O)N2,10000.0
CHEMBL120076,COc1cccc(CN2C(=O)C(=O)c3cc(Cl)ccc32)c1,10000.0
CHEMBL327012,O=C1Nc2ccc(Cl)cc2C1=O,10000.0
CHEMBL333067,O=C1C(=O)N(Cc2ccc(Cl)cc2)c2ccc(Cl)cc21,6000.0
CHEMBL118210,Cc1cc(C)c2[nH]c(O)c(/N=N/C(=N)S)c2c1,16000.0
CHEMBL324722,COc1cccc(CN2C(=O)C(=O)c3cc(C)ccc32)c1,2000.0
CHEMBL119213,NC(=S)/N=N/c1c(O)[nH]c2ccc(Cl)cc12,21000.0
CHEMBL118355,Cc1cc(Cl)cc2c(/N=N/C(=N)S)c(O)[nH]c12,10500.0
CHEMBL336693,O=C1C(=O)N(Cc2ccccc2)c2ccc(Cl)cc21,90000.0
CHEMBL418861,NC(=S)/N=N/c1c(O)[nH]c2ccc(Br)cc12,20000.0
CHEMBL60569,CN1C(=O)C(=O)c2ccccc21,10000.0
CHEMBL118305,O=C1Nc2ccc([N+](=O)[O-])cc2C1=O,10000.0
CHEMBL118830,O=C1C(=O)N(C(=O)c2ccccc2)c2ccccc21,10000.0
CHEMBL117767,Cc1ccc2c(c1)C(=O)C(=O)N2Cc1ccccc1-c1ccccc1,2800.0
CHEMBL333137,NC(=S)/N=N/c1c(O)[nH]c2ccccc12,8000.0
CHEMBL325480,O=C1Nc2ccc(I)cc2C1=O,10000.0
CHEMBL116649,O=C1Nc2ccc(OC(F)(F)F)cc2C1=O,10000.0
CHEMBL119370,NC(=S)/N=N/c1c(O)[nH]c2ccc(I)cc12,9000.0
CHEMBL117515,Cc1ccc2c(c1)C(=O)C(=O)N2Cc1ccc(Cl)cc1,10000.0
CHEMBL118596,O=C1C(=O)N(Cc2ccccc2)c2ccc(I)cc21,90000.0
CHEMBL119756,NC(=S)/N=N/c1c(O)[nH]c2ccc(F)cc12,30000.0
CHEMBL39255,O=C(N/N=C/c1ccc(-c2cccc([N+](=O)[O-])c2)o1)c1ccc2ccccc2c1,165958690743755.62
CHEMBL38981,O=C(N/N=C/c1ccc([N+](=O)[O-])o1)c1cc2ccccc2cc1O,165958690743755.62
CHEMBL38462,O=C(N/N=C/c1ccc(-c2ccc(Cl)cc2)o1)c1ccccc1O,10000000000000.0
CHEMBL289164,O=C(N/N=C/c1ccc(-c2ccccc2[N+](=O)[O-])o1)c1ccccc1O,50118723362727.15
CHEMBL39253,COc1ccc2cc(O)c(C(=O)N/N=C/c3ccc(-c4cc(C(F)(F)F)nn4C)s3)cc2c1,5011872336272715.0
CHEMBL37464,O=C(N/N=C/c1ccc(C(=O)O)o1)c1cccc([N+](=O)[O-])c1,3019951720402.02
CHEMBL39814,CN(C)c1ccc(/C=N/NC(=O)c2ccccc2)c2ccccc12,1995262314968882.8
CHEMBL40503,O=C(N/N=C/c1cc(Br)cs1)c1cnc2ccccc2c1,33113112148259.08
CHEMBL40119,COc1cc(OC)cc(C(=O)N/N=C/c2ccc(C(=O)O)o2)c1,100000000000000.0
CHEMBL289374,CN(C)c1ccc(/C=N/NC(=O)c2ccnc3ccccc23)c2ccccc12,165958690743755.62
CHEMBL285167,COc1ccc(C(=O)N/N=C/c2ccoc2)c(OC)c1,6025595860743.57
CHEMBL416237,O=C(N/N=C/c1ccc([N+](=O)[O-])o1)c1cccc([N+](=O)[O-])c1,199526231496888.28
CHEMBL289764,O=C(N/N=C/c1ccnc2ccccc12)c1ccccc1O,33113112148259.08
CHEMBL40165,CSc1ccc(/C=N/NC(=O)c2cccc(C)c2O)s1,100000000000000.0
CHEMBL39723,CN(C)c1ccc(/C=N/NC(=O)c2ccc(O)c(O)c2)c2ccccc12,61659500186148.09
CHEMBL39161,O=C(N/N=C/c1ccc(-c2ccccc2Cl)o1)c1cc2ccccc2cc1O,1659586907437556.2
CHEMBL326220,C/C(=N\N=C(/S)N1CCN(C)CC1)c1cccc(Br)c1,5000.0
CHEMBL108035,C/C(=N\N=C(\N)S)c1cccc(-c2ccccc2)c1,8000.0
CHEMBL108077,CS/C(S)=N/N=C(\C)c1cccc(Br)c1,20000.0
CHEMBL108865,C/C(=N\N=C(\N)S)c1cccc(Oc2ccccc2)c1,10000.0
CHEMBL109893,C/C(=N\N=C(\N)S)c1ccc(Oc2ccccc2)cc1,10000.0
CHEMBL108700,C/C(=N\N=C(/S)N1CCCCC1)c1cccc(Br)c1,5000.0
CHEMBL107612,C/C(=N\N=C(\N)S)c1ccc(Nc2ccccc2)cc1,20000.0
CHEMBL323975,C/C(=N\N=C(\N)S)c1ccc(-c2ccccc2)cc1,5000.0
CHEMBL108101,C/C(=N/N=C(/N)S)c1cccc(/C(C)=N/N=C(/N)S)c1,5000.0
CHEMBL416771,C/C(=N\NC(N)=S)c1ccccn1,20000.0
CHEMBL109619,CCN(CC)/C(S)=N/N=C(\C)c1cccc(Br)c1,5000.0
CHEMBL111632,C/C(=N\N=C(\N)S)c1cccc(Nc2ccccc2)c1,20000.0
CHEMBL181504,CCCC/C(=N\NC(N)=S)c1ccc(Cl)c(Cl)c1,19.0
CHEMBL367811,CC(C)(C)/C(=N\N=C(\N)S)c1ccc(Cl)c(Cl)c1,10000.0
CHEMBL181902,N/C(S)=N/N=C(/c1ccc(Cl)c(Cl)c1)C1CCCCC1,3000.0
CHEMBL181752,N/C(S)=N/N=C(\C=C\c1ccccc1)c1ccc(Cl)c(Cl)c1,30.0
CHEMBL183767,N/C(S)=N/N=C(\Cc1ccccc1)c1ccc(Cl)c(Cl)c1,80.0
CHEMBL182795,Cc1ccc(/C(=N\N=C(\N)S)c2ccc(Cl)c(Cl)c2)cc1,40.0
CHEMBL183396,N/C(S)=N/N=C(/c1ccc(Cl)c(Cl)c1)C1CC1c1ccccc1,30.0
CHEMBL182790,N/C(S)=N/N=C(\COc1ccccc1)c1ccc(Cl)c(Cl)c1,30.0
CHEMBL183005,N/C(S)=N/N=C(\CCc1ccccc1)c1ccc(Cl)c(Cl)c1,40.0
CHEMBL378621,CC(=O)C1=CCCc2ccccc21,1360.0
CHEMBL213224,NC(=S)N/N=C1\CCS(=O)(=O)c2c(Br)cc(Br)cc21,820.0
CHEMBL214219,NC(=S)N/N=C1\CCS(=O)(=O)c2ccc(Br)cc21,210.0
CHEMBL215671,NC(=S)N/N=C1\CCOc2ccc(Br)cc21,110.0
CHEMBL215980,NC(=S)N/N=C1\CCCc2ccc(Br)cc21,17.0
CHEMBL385682,NC(=S)N/N=C1\CCCc2c(Br)cccc21,1200.0
CHEMBL384296,NC(=S)NN=C(c1cccc(Br)c1)c1cccc(Br)c1,24.0
CHEMBL376207,NC(=S)N/N=C(\c1ccccc1)c1cccc(Br)c1,80.0
CHEMBL213789,CC/C(=N\NC(N)=S)c1cccc(O)c1,33000.0
CHEMBL212845,NC(=S)N/N=C1\CCc2ccccc21,17000.0
CHEMBL212613,NC(=S)N/N=C1\CCc2ccccc2O1,16000.0
CHEMBL212612,NC(=S)N/N=C1/CCCC(c2ccc(Br)cc2)C1,7000.0
CHEMBL212611,NC(=S)N/N=C1/CCC(c2ccc(Br)cc2)C1,5000.0
CHEMBL212144,C/C(=N/NC(N)=S)C1=CCCc2ccccc21,20000.0
CHEMBL211974,NC(=S)N/N=C1\CCS(=O)(=O)c2ccccc21,20000.0
CHEMBL213003,NC(=S)N/N=C1\CCOc2ccccc21,17000.0
CHEMBL424886,NC(=S)N/N=C1\CCSc2ccccc21,2000.0
CHEMBL375977,CC/C(=N\NC(N)=S)c1cccc(N)c1,3640.0
CHEMBL373586,CC/C(=N\NC(N)=S)c1cccc([N+](=O)[O-])c1,860.0
CHEMBL212718,C=CC(=O)C1=CCCc2ccc(Br)cc21,800.0
CHEMBL238429,O=S(=O)(/C=C/c1ccc2c(c1)no[n+]2[O-])c1ccccc1,50000.0
CHEMBL391827,O=S(=O)(/C=C\c1ccc2c(c1)no[n+]2[O-])c1ccccc1,50000.0
CHEMBL249814,CCOC(=O)[C@H]1O[C@H]1C(=O)[C@H](CCc1ccccc1)NC(=O)[C@H](Cc1ccccc1)NC(=O)OCc1ccccc1,20.0
CHEMBL91704,CN1CCN(C(=O)N[C@@H](Cc2ccccc2)C(=O)N[C@H](/C=C/S(=O)(=O)c2ccccc2)CCc2ccccc2)CC1,5.0
CHEMBL249815,CCOC(=O)[C@@H]1O[C@@H]1C(=O)[C@H](CCc1ccccc1)NC(=O)[C@H](Cc1ccccc1)NC(=O)OCc1ccccc1,50.0
CHEMBL420256,O=C(N[C@@H](Cc1ccccc1)C(=O)N[C@@H](CCc1ccccc1)C(=O)[C@H]1CO1)OCc1ccccc1,1000.0
CHEMBL330585,O=C(N[C@@H](Cc1ccccc1)C(=O)N[C@@H](CCc1ccccc1)C(=O)[C@@H]1CO1)OCc1ccccc1,10.0
CHEMBL260148,CC(C)[C@H](NC(=O)OC(C)(C)C)c1nnc(S(=O)(=O)Cc2c(F)cccc2Cl)o1,1000.0
CHEMBL261812,CC(C)(C)OC(=O)NCc1nnc(S(=O)(=O)Cc2ccc(Cl)cc2Cl)o1,95000.0
CHEMBL409024,N[C@@H](Cc1cc(-c2ccc(Cl)cc2Cl)cc(CP(=O)(O)O)c1O)C(=O)O,77000.0
CHEMBL258538,O=C(O)c1ccc2c(c1)C(=O)N(C(Cc1ccc(O)cc1)C(=O)O)C2=O,10000000.0
CHEMBL259139,O=C(CC1(O)C(=O)Nc2cc(Cl)cc(Cl)c21)c1ccccc1O,73000.0
CHEMBL409906,CCOC(=O)C1=C(c2ccccc2)NC(SCC(=O)Nc2ccc(C)cc2)=C(C#N)C1c1ccco1,1000.0
CHEMBL265957,CCOC(=O)SC1=N/C(=C/c2ccc(N(C)C)cc2)C(=O)S1,1000.0
CHEMBL261259,CCCC12CN(C(=O)c3ccc(OC)cc3)CC(C)(CN(C(=O)c3ccc(OC)cc3)C1)C2=O,600000.0
CHEMBL259355,Cc1ccc(C)n1C(Cc1ccccc1)C(=O)O,1000.0
CHEMBL404954,S=C([S-])OC1CC2CC1C1CCCC21.[K+],15000.0
CHEMBL6246,O=c1oc2c(O)c(O)cc3c(=O)oc4c(O)c(O)cc1c4c23,64000.0
CHEMBL275938,O=C(O)C1=CC(=C(c2ccc(O)c(C(=O)O)c2)c2ccc(O)c(C(=O)O)c2)C=CC1=O,53000.0
CHEMBL261208,C[C@H]1[C@H]2C=C[C@@H]1[C@@H](C(=O)O)[C@@H]2c1c2ccc(=O)c(O)c-2oc2c(O)c(O)ccc12,95000.0
CHEMBL258670,O=C1C=CC2=C(Oc3c(ccc(O)c3O)/C2=C\C=C(O)O)C1=O,95000.0
CHEMBL437061,Cc1occc1C(=O)n1nnc2ccccc21,106000.0
CHEMBL261122,CCOC(=O)/C(C(C)=O)=C1\OC(=O)c2ccccc21,600000.0
CHEMBL259018,CC(C)(C)OC(=O)NCCc1nnc(S(=O)(=O)Cc2ccc(Cl)cc2Cl)o1,95000.0
CHEMBL406555,O=C(Oc1cccnc1)c1cc2ccccc2oc1=O,70000.0
CHEMBL408636,COc1cccc2cc(C(=O)n3ccc(C)n3)c(=O)oc12,120000.0
CHEMBL460050,[O-][n+]1onc2ccc(/C=N/NC(=S)Nc3ccccc3)cc21,78000.0
CHEMBL470290,[O-][n+]1onc2ccc(/C=N/N=C/c3ccc(O)c(Br)c3)cc21,73000.0
CHEMBL504491,[O-][n+]1onc2ccc(/C=N/N=C/c3ccc(O)cc3)cc21,100000.0
CHEMBL444202,[O-][n+]1onc2ccc(/C=N/N=C/c3ccccc3O)cc21,68000.0
CHEMBL512308,N=C(N)N/N=C/c1ccc(OCc2ccc3no[n+]([O-])c3c2)cc1,32000.0
CHEMBL470902,NC(=S)N/N=C/c1ccc(OCc2ccc3no[n+]([O-])c3c2)cc1,43000.0
CHEMBL459639,NC(=O)N/N=C/c1ccc(OCc2ccc3no[n+]([O-])c3c2)cc1,100000.0
CHEMBL460049,C=CCNC(=S)N/N=C/c1ccc2no[n+]([O-])c2c1,100000.0
CHEMBL460048,NC(=S)N/N=C/c1ccc2no[n+]([O-])c2c1,100000.0
CHEMBL454688,CC(C)C[C@@H]1N[C@@H](C(=O)Nc2ccccc2)CCCCC[C@@H](/C=C/S(=O)(=O)c2ccccc2)NC1=O,2000.0
CHEMBL452863,CC(C)C[C@@H]1N[C@@H](C(=O)Nc2ccccc2)CCCC[C@@H](/C=C/S(=O)(=O)c2ccccc2)NC1=O,10000.0
CHEMBL452599,FC(F)(F)c1ccnc(N/N=C/c2ccccc2)n1,150000.0
CHEMBL510327,Cc1ccccc1/C=N/Nc1nccc(C(F)(F)F)n1,100000.0
CHEMBL455668,Cc1ccc(/C=N/Nc2nccc(C(F)(F)F)n2)cc1,100000.0
CHEMBL455669,FC(F)(F)c1ccnc(N/N=C/c2ccc(Cl)cc2)n1,85000.0
CHEMBL452693,COc1ccc(/C=N/Nc2nccc(C(F)(F)F)n2)cc1,100000.0
CHEMBL453633,O=[N+]([O-])c1ccc(/C=N/Nc2nccc(C(F)(F)F)n2)cc1,100000.0
CHEMBL451256,Cc1cc(C(F)(F)F)nc(N/N=C/c2ccccc2C)n1,100000.0
CHEMBL453634,COc1ccccc1/C=N/Nc1nc(C)cc(C(F)(F)F)n1,150000.0
CHEMBL462539,Cc1cc(C(F)(F)F)nc(N/N=C/c2ccc(Cl)cc2)n1,100000.0
CHEMBL541696,Nc1ncccc1C(=O)OCC(=O)Nc1cc(Cl)ccc1Cl,116000.0
CHEMBL564453,COc1ccc(OC)c(CNC(=O)c2nnc(-c3ccccc3N)o2)c1,45000.0
CHEMBL560043,Nc1ccccc1-c1nnc(C(=O)Nc2cc(-c3cccs3)[nH]n2)o1,102000.0
CHEMBL559646,Nc1ccccc1-c1nnc(C(=O)Nc2cccc(N3CCCC3)c2)o1,99000.0
CHEMBL549410,Cn1ccc(NC(=O)c2nnc(-c3ccccc3N)o2)n1,100000.0
CHEMBL541083,Cc1cc(NC(=O)c2nnc(-c3ccccc3N)o2)n[nH]1,11000.0
CHEMBL556466,CC(C)(C)c1cc(NC(=O)c2nnc(-c3ccccc3N)o2)n[nH]1,2000.0
CHEMBL550751,Nc1ccccc1-c1nnc(C(=O)Nc2cc(-c3ccccc3)[nH]n2)o1,800.0
CHEMBL556465,COc1ccc(-c2cc(NC(=O)c3nnc(-c4ccccc4N)o3)n[nH]2)cc1,200.0
CHEMBL564546,Cc1ccc(-c2cc(NC(=O)c3nnc(-c4ccccc4N)o3)n[nH]2)cc1,500.0
CHEMBL552098,Nc1ccccc1-c1nnc(C(=O)NCCCN2CCCC2=O)o1,100000.0
CHEMBL556464,CCN1CCC[C@H]1CNC(=O)c1nnc(-c2ccccc2N)o1,100000.0
CHEMBL554556,Nc1ccccc1-c1nnc(C(=O)NCCN2CCOCC2)o1,100000.0
CHEMBL555141,Nc1ccccc1-c1nnc(C(=O)NCc2c(Cl)cccc2Cl)o1,8000.0
CHEMBL555241,Cc1cc2cc(NC(=O)c3nnc(-c4ccccc4N)o3)ccc2[nH]1,6000.0
CHEMBL551901,Nc1ccccc1-c1nnc(C(=O)Nc2ccc3oc4c(c3c2)CCCC4)o1,2000.0
CHEMBL572120,Nc1ccccc1-c1nnc(C(=O)NC2Cc3ccccc3C2)o1,11000.0
CHEMBL561904,COc1ccc(NC(=O)c2nnc(-c3ccccc3N)o2)c(OC)c1,3000.0
CHEMBL552725,Nc1ccccc1-c1nnc(C(=O)NC2CCCCCC2)o1,14000.0
CHEMBL564809,Nc1ccccc1-c1nnc(C(=O)NC2CCCCC2)o1,25000.0
CHEMBL559770,Nc1ccccc1C(=O)OCC(=O)Nc1cc(Cl)ccc1Cl,58000.0
CHEMBL562106,CCC(NC(=O)COC(=O)c1cccnc1N)c1ccc(Br)cc1,84000.0
CHEMBL550694,Nc1ncccc1C(=O)OCC(=O)NC1CCCCCC1,87000.0
CHEMBL554709,NC(=O)c1ccsc1NC(=O)COC(=O)c1cc(Br)ccc1N,90000.0
CHEMBL549615,Nc1ncccc1C(=O)OCC(=O)Nc1ccccc1OC(F)F,126000.0
CHEMBL563022,Nc1ncccc1C(=O)OCC(=O)Nc1ccc2c(c1)OCCO2,182000.0
CHEMBL570547,Cc1cccc(C(=O)OCC(=O)Nc2cc(Cl)ccc2Cl)c1,200000.0
CHEMBL563474,O=C(COC(=O)c1ccccn1)Nc1cc(Cl)ccc1Cl,200000.0
CHEMBL562581,Nc1ccccc1-c1nnc(C(=O)Nc2nc(-c3ccc(Cl)cc3)cs2)o1,3000.0
CHEMBL549616,Nc1ccccc1-c1nnc(C(=O)NCc2csc(-c3cccs3)n2)o1,2000.0
CHEMBL563023,Nc1ccccc1-c1nnc(C(=O)Nc2nnc(-c3ccc(Cl)cc3)s2)o1,4000.0
CHEMBL550771,Nc1ccccc1-c1nnc(C(=O)NCc2cccc3nsnc23)o1,6000.0
CHEMBL550025,Nc1ccccc1-c1nnc(C(=O)NCc2ccc3c(c2)OCO3)o1,6000.0
CHEMBL560962,Cc1nn(-c2ccccc2)nc1CNC(=O)c1nnc(-c2ccccc2N)o1,7000.0
CHEMBL557189,Nc1ccccc1-c1nnc(C(=O)NCc2nc3ccccc3[nH]2)o1,17000.0
CHEMBL549676,Nc1ccccc1-c1nnc(C(=O)NCc2ccc(C(F)(F)F)c(F)c2)o1,10000.0
CHEMBL550773,Nc1ccccc1-c1nnc(C(=O)NCc2ccc(Cn3cccn3)cc2)o1,8000.0
CHEMBL560840,Nc1ccccc1-c1nnc(C(=O)NCc2ccnc(N3CCSCC3)c2)o1,23000.0
CHEMBL563328,Nc1ccccc1-c1nnc(C(=O)NCc2ccc(Oc3ccccc3)cc2)o1,6000.0
CHEMBL554300,Nc1ccccc1-c1nnc(C(=O)Nc2ccc3[nH]ncc3c2)o1,41000.0
CHEMBL561361,Cc1ccc(CNC(=O)c2nnc(-c3ccccc3N)o2)o1,14000.0
CHEMBL561239,Nc1ccccc1-c1nnc(C(=O)NC2CCc3ccccc32)o1,17000.0
CHEMBL550960,CC(NC(=O)c1nnc(-c2ccccc2N)o1)C12CC3CC(CC(C3)C1)C2,18000.0
CHEMBL562224,CCN(CC)c1ccc(NC(=O)c2nnc(-c3ccccc3N)o2)cc1,36000.0
CHEMBL554736,Nc1ccccc1-c1nnc(C(=O)NCc2ccccc2OC2CCOCC2)o1,42000.0
CHEMBL550965,Nc1ccccc1-c1nnc(C(=O)NCc2ccccc2N2CCOCC2)o1,38000.0
CHEMBL550633,Nc1ccccc1-c1nnc(C(=O)N[C@@H]2c3ccccc3C[C@@H]2O)o1,32000.0
CHEMBL560503,Nc1ccccc1-c1nnc(C(=O)NCc2cccc(N3CCOCC3)c2)o1,33000.0
CHEMBL550634,CC1C2CCC(C)(C2)C1NC(=O)c1nnc(-c2ccccc2N)o1,36000.0
CHEMBL565191,Nc1ccccc1-c1nnc(C(=O)NCc2ccnc(N3CCOCC3)c2)o1,83000.0
CHEMBL550836,Nc1ccccc1-c1nnc(C(=O)NCc2c(N)cccc2F)o1,52000.0
CHEMBL563197,Nc1ccccc1-c1nnc(C(=O)Nc2ccc(N3CCOCC3)cc2)o1,62000.0
CHEMBL563815,Cn1nccc1NC(=O)c1nnc(-c2ccccc2N)o1,100000.0
CHEMBL561769,Nc1ccccc1-c1nnc(C(=O)N[C@H]2CCCCNC2=O)o1,100000.0
CHEMBL563851,Nc1ccccc1-c1nnc(C(=O)NCCN2CCNC2=O)o1,100000.0
CHEMBL550287,Nc1ccccc1-c1nnc(C(=O)NCc2cccc(-n3cccn3)c2)o1,17000.0
CHEMBL564049,COc1cc(CNC(=O)c2nnc(-c3ccccc3N)o2)cc(OC)c1OC,100000.0
CHEMBL561845,Nc1ccccc1-c1nnc(C(=O)NC2CCNCC2)o1,100000.0
CHEMBL562782,Nc1ccccc1-c1nnc(C(=O)NCCCn2ccnc2)o1,100000.0
CHEMBL566920,O=C(Nc1ccc(/N=N/c2ccccc2)cc1)c1cccc(Cl)c1,12000.0
CHEMBL566931,Cc1ccc(Cl)cc1NC(=O)CCC(=O)Nc1cc(Cl)ccc1C,12000.0
CHEMBL571065,Cc1sc(NC(=S)NC(=O)C2CCCCC2)c(C(N)=O)c1C,12000.0
CHEMBL579075,COc1ccc(/C=N/NC(=O)c2ccc(Br)cc2)cc1Cn1cc(Cl)cn1,12000.0
CHEMBL567959,Cc1ccc(C(=O)Nc2nc(-c3cc(Cl)sc3Cl)cs2)cc1,12000.0
CHEMBL567132,c1ccc(-c2cc3c(NCC4COc5ccccc5O4)ncnc3s2)cc1,12000.0
CHEMBL567145,CCN(Cc1ccccc1)c1nc2c(S(=O)(=O)c3ccccc3)nnn2c2ccc(Cl)cc12,12000.0
CHEMBL565862,COc1ccc(S(=O)(=O)Nc2nc3ccccc3nc2NCc2ccc3c(c2)OCO3)cc1,12000.0
CHEMBL566932,C=C(C)CSc1cc(N)c(C#N)c(-c2ccc(C)cc2)c1C#N,12000.0
CHEMBL12998,CCCCCCNC(=O)Nc1ccc(S(=O)(=O)Nc2ccc(CCNC[C@H](O)COc3ccc(O)cc3)cc2)cc1,12000.0
CHEMBL577938,N#Cc1c(-c2ccccc2)cc(-c2ccco2)c(C#N)c1N,12000.0
CHEMBL566064,O=C(Nc1nc(-c2ccc(S(=O)(=O)N3CCCCCC3)cc2)cs1)c1cccs1,12000.0
CHEMBL576039,CCSc1nnc(NC(=O)c2ccc(Br)s2)s1,12000.0
CHEMBL567335,O=C(Cn1c(=O)oc2ccccc21)Nc1oc(-c2ccccc2)c(-c2ccccc2)c1O,12000.0
CHEMBL567337,O=C(Nc1nc(-c2cccs2)cs1)c1ccc(S(=O)(=O)N2CCCC2)cc1,12000.0
CHEMBL567356,O=C(COC(=O)c1cccc(Oc2ccccc2)c1)Nc1nnc(-c2ccccc2)o1,12000.0
CHEMBL567529,Cn1c(C(C#N)C(=O)c2sc3ccccc3c2Cl)nc2ccccc21,12000.0
CHEMBL566068,Oc1cc(-c2ccc(Cl)c(Cl)c2)[nH]n1,12000.0
CHEMBL577752,O=C(Nc1nc(-c2cccc(Br)c2)cs1)Oc1ccccc1,30000.0
CHEMBL578585,Cc1cc(NC(=O)Cc2cccs2)no1,30000.0
CHEMBL567130,CCc1ccc(C(=O)CSC2=C(C#N)C(c3ccco3)C(C(C)=O)=C(C)N2)cc1,30000.0
CHEMBL566706,O=C(CSc1nnc(-c2ccccc2)o1)N1CCN(c2ccccc2)CC1,30000.0
CHEMBL567323,Cc1cccc(NS(=O)(=O)c2ccc(C)c(C(=O)OCC(=O)Nc3cc(C)on3)c2)c1,30000.0
CHEMBL567531,O=C(COC(=O)c1cc(-c2ccco2)nc2ccccc12)NCc1ccc2c(c1)OCO2,30000.0
CHEMBL31574,O=c1c(O)c(-c2ccc(O)c(O)c2)oc2cc(O)ccc12,30000.0
CHEMBL39878,CCCCC/C=C\C/C=C\C/C=C\C/C=C\CCCC(=O)Nc1ccc(O)cc1,30000.0
CHEMBL567735,COC(=O)c1ccc(-c2nc(-c3ccc(Br)o3)no2)cc1,30000.0
CHEMBL565812,Cc1cc(NC(=O)c2cc(CC(C)C)on2)no1,60000.0
CHEMBL566933,Cc1ccc(NC(=O)CSC(N)=O)cc1Cl,60000.0
CHEMBL577546,NC(=O)SCC(=O)Nc1cccc(Cl)c1,60000.0
CHEMBL586058,C=CCNC(=O)c1cc([N+](=O)[O-])cc2c(=O)[nH]c(Nc3ccc(Cl)c(Cl)c3)nc12,60000.0
CHEMBL299879,O=[N+]([O-])c1ccccc1S(=O)(=O)NC[C@H]1CC[C@H](CNCC2CCc3ccccc3C2)CC1,60000.0
CHEMBL81,O=C(c1ccc(OCCN2CCCCC2)cc1)c1c(-c2ccc(O)cc2)sc2cc(O)ccc12,60000.0
CHEMBL566707,CCn1ccnc1C(O)c1cccc(OC)c1OC,60000.0
CHEMBL570844,Cc1cc(=O)oc2cc(OCC#N)ccc12,60000.0
CHEMBL568419,COc1ccc(C(=O)Nc2nncs2)c(OC)c1,60000.0
CHEMBL568420,O=C(c1ccccc1)c1cn(CC(=O)N2CCCC2)c2ccccc12,60000.0
CHEMBL577758,Cc1ccc(-c2csc(NC(=O)c3ccno3)n2)cc1,60000.0
CHEMBL571296,Cn1cnnc1SCC(=O)Nc1sc2c(c1C(N)=O)CCC2,60000.0
CHEMBL566690,O=C(CS[n+]1cc(-c2ccc(F)cc2)cs1)NC(=O)NCc1ccco1.[Cl-],60000.0
CHEMBL578136,O=C(CSCc1ccc(Cl)cc1)c1ccco1,60000.0
CHEMBL567161,CCNc1nc(C#N)nc(Nc2ccccc2)n1,710.0
CHEMBL566069,N#Cc1nc(Nc2ccccc2)nc(NC2CCCC2)n1,710.0
CHEMBL576847,CCCNc1nc(C#N)nc(Nc2ccccc2)n1,790.0
CHEMBL566691,CC(C)Nc1nc(C#N)nc(Nc2ccccc2)n1,890.0
CHEMBL567135,N#Cc1nc(NCC2CC2)nc(Nc2ccccc2)n1,890.0
CHEMBL565866,CC(C)CNc1nc(C#N)nc(Nc2ccccc2)n1,890.0
CHEMBL566067,CCCCNc1nc(C#N)nc(Nc2ccccc2)n1,890.0
CHEMBL567137,N#Cc1nc(NCCCCO)nc(Nc2ccccc2)n1,890.0
CHEMBL567354,CNc1nc(C#N)nc(Nc2ccccc2)n1,1260.0
CHEMBL578161,N#Cc1nc(Nc2ccccc2)nc(NC2CCCCC2)n1,1410.0
CHEMBL567769,N#Cc1nc(NCCO)nc(Nc2ccccc2)n1,1580.0
CHEMBL567783,N#Cc1nc(Nc2cccc([N+](=O)[O-])c2)nc(NC2CCCC2)n1,63.0
CHEMBL567784,N#Cc1nc(Nc2cccc(F)c2)nc(NC2CCCC2)n1,79.0
CHEMBL567785,N#Cc1nc(Nc2cccc(Cl)c2)nc(NC2CCCC2)n1,79.0
CHEMBL566924,N#Cc1nc(Nc2cccc(Br)c2)nc(NC2CCCC2)n1,100.0
CHEMBL567147,N#Cc1nc(Nc2ccc(F)cc2)nc(NC2CCCC2)n1,126.0
CHEMBL576648,Cc1cccc(Nc2nc(C#N)nc(NC3CCCC3)n2)c1,126.0
CHEMBL566903,N#Cc1nc(Nc2ccc(Br)cc2)nc(NC2CCCC2)n1,1122.0
CHEMBL566273,N#Cc1nc(Nc2cccc(-c3ccccc3)c2)nc(NC2CCCC2)n1,2239.0
CHEMBL568171,N#Cc1nc(Nc2cc(F)cc(F)c2)nc(NC2CCCC2)n1,63.0
CHEMBL568172,N#Cc1nc(Nc2cc(Cl)cc(Cl)c2)nc(NC2CCCC2)n1,398.0
CHEMBL567340,N#Cc1nc(NCC(F)F)nc(Nc2cc(F)cc(F)c2)n1,25.0
CHEMBL567341,CCn1cnc2c(Nc3cc(F)cc(F)c3)nc(C#N)nc21,10.0
CHEMBL578159,N#Cc1nc(Nc2cc(F)cc(F)c2)c2ncn(CC(F)F)c2n1,13.0
CHEMBL567142,N#Cc1nc(Nc2cc(F)cc(F)c2)c2ncn(C3CCCC3)c2n1,18.0
CHEMBL577121,CCn1cnc2c(Nc3cccc(Cl)c3)nc(C#N)nc21,18.0
CHEMBL578162,N#Cc1nc(Nc2cccc(Cl)c2)c2ncn(C3CCCC3)c2n1,40.0
CHEMBL567786,N#Cc1nc(NCC(F)F)c2ncn(-c3cc(F)cc(F)c3)c2n1,50.0
CHEMBL566904,CCNc1nc(C#N)nc2c1ncn2-c1cccc(Cl)c1,63.0
CHEMBL566905,N#Cc1nc(NCC(F)F)c2ncn(-c3cccc(Cl)c3)c2n1,71.0
CHEMBL567134,CCNc1nc(C#N)nc2c1ncn2-c1cc(F)cc(F)c1,251.0
CHEMBL585873,N#Cc1nc(NC2CCCC2)c2ncn(-c3cc(F)cc(F)c3)c2n1,316.0
CHEMBL571295,CCOc1nc(C#N)nc(N2CCCCC2)n1,90.0
CHEMBL577764,N#Cc1nc(N)nc(N(c2ccccc2)c2ccccc2)n1,70.0
CHEMBL579273,N#Cc1nc(Nc2cccc(C(F)(F)F)c2)nc(NC2CCCC2)n1,40.0
CHEMBL1078675,Cc1nc(-c2ccccc2)sc1C(=O)N[C@H](/C=C/S(=O)(=O)c1ccccc1)CCc1ccccc1,10000.0
CHEMBL1078778,Cc1nc(-c2cccnc2)sc1C(=O)N[C@H](/C=C/S(=O)(=O)c1ccccc1)CCc1ccccc1,2000.0
CHEMBL1078779,Cc1nc(-c2cnccn2)sc1C(=O)N[C@H](/C=C/S(=O)(=O)c1ccccc1)CCc1ccccc1,1000.0
CHEMBL1078855,O=C(N[C@H](/C=C/S(=O)(=O)c1ccccc1)CCc1ccccc1)c1cc(-c2ccccc2)no1,2000.0
CHEMBL1078981,O=C(N[C@H](/C=C/S(=O)(=O)c1ccccc1)CCc1ccccc1)c1cc(-c2ccncc2)no1,5000.0
CHEMBL1079067,O=C(N[C@H](/C=C/S(=O)(=O)c1ccccc1)CCc1ccccc1)c1cc(-c2cccnc2)no1,1000.0
CHEMBL1079068,O=C(N[C@H](/C=C/S(=O)(=O)c1ccccc1)CCc1ccccc1)c1cc(-c2ccccn2)no1,6000.0
CHEMBL1079162,O=C(N[C@H](/C=C/S(=O)(=O)c1ccccc1)CCc1ccccc1)[C@@H]1CCCC[C@H]1C(=O)c1ccc(Cl)cc1,50.0
CHEMBL1079105,O=C(N[C@H](/C=C/S(=O)(=O)c1ccccc1)CCc1ccccc1)[C@H]1CCCC[C@@H]1C(=O)c1ccc(Cl)cc1,100000.0
CHEMBL118,Cc1ccc(-c2cc(C(F)(F)F)nn2-c2ccc(S(N)(=O)=O)cc2)cc1,400000.0
CHEMBL43064,C(=C/c1ccccc1)\CN1CCN(C(c2ccccc2)c2ccccc2)CC1,300000.0
CHEMBL929,CC(C)Nc1cccnc1N1CCN(C(=O)c2cc3cc(NS(C)(=O)=O)ccc3[nH]2)CC1.CS(=O)(=O)O,200000.0
CHEMBL1083385,COC(=O)[C@H](c1ccccc1Cl)N1CCc2sccc2C1.O=S(=O)(O)O,300000.0
CHEMBL308954,Cc1cc(C#N)cc(C)c1Oc1nc(Nc2ccc(C#N)cc2)nc(N)c1Br,200000.0
CHEMBL672,CC(C)OC(=O)C(C)(C)Oc1ccc(C(=O)c2ccc(Cl)cc2)cc1,500000.0
CHEMBL1085699,COC(=O)C1=C(C)NC(C)=C(C(=O)OCCN2CCN(C(c3ccccc3)c3ccccc3)CC2)C1c1cccc([N+](=O)[O-])c1,100000.0
CHEMBL64391,CCC(C)n1ncn(-c2ccc(N3CCN(c4ccc(OCC5COC(Cn6cncn6)(c6ccc(Cl)cc6Cl)O5)cc4)CC3)cc2)c1=O,200000.0
CHEMBL1085765,Cc1cccc(CN2CCN(C(c3ccccc3)c3ccc(Cl)cc3)CC2)c1.Cl,250000.0
CHEMBL259223,CC(C)=CCC/C(C)=C/CC/C(C)=C/CC/C(C)=C/CC1=C(C)C(=O)c2ccccc2C1=O,200000.0
CHEMBL1084541,Cc1c(C)c2c(c(C)c1OC(=O)c1cccnc1)CC[C@@](C)(CCC[C@H](C)CCC[C@H](C)CCCC(C)C)O2,400000.0
CHEMBL584,Cc1c(O)cccc1C(=O)N[C@@H](CSc1ccccc1)[C@H](O)CN1C[C@H]2CCCC[C@H]2C[C@H]1C(=O)NC(C)(C)C,300000.0
CHEMBL1086440,CSc1nc2cc(Cl)c(Oc3cccc(Cl)c3Cl)cc2[nH]1,200000.0
CHEMBL1083993,CCCCc1oc2ccccc2c1C(=O)c1cc(I)c(OCCN(CC)CC)c(I)c1.Cl,206000.0
CHEMBL1014,CCOc1nc2cccc(C(=O)OC(C)OC(=O)OC3CCCCC3)c2n1Cc1ccc(-c2ccccc2-c2nn[nH]n2)cc1,168000.0
CHEMBL1713,CN(C)CCCN1c2ccccc2Sc2ccc(Cl)cc21.Cl,284000.0
CHEMBL1292,CC(C)/N=c1\cc2n(-c3ccc(Cl)cc3)c3ccccc3nc-2cc1Nc1ccc(Cl)cc1,40000.0
CHEMBL939,COc1cc2ncnc(Nc3ccc(F)c(Cl)c3)c2cc1OCCCN1CCOCC1,148000.0
CHEMBL941,Cc1ccc(NC(=O)c2ccc(CN3CCN(C)CC3)cc2)cc1Nc1nccc(-c2cccnc2)n1,297000.0
CHEMBL405110,CN(C)c1ccc2nc3ccc(=[N+](C)C)cc-3sc2c1.[Cl-],85000.0
CHEMBL21333,O=C(Nc1cccc2c(=O)cc(-c3nn[nH]n3)oc12)c1ccc(OCCCCc2ccccc2)cc1,68000.0
CHEMBL1173325,CC(NC(=O)c1ccccc1Cl)C(=O)OC(C(=O)Nc1cc(C(F)(F)F)ccc1Cl)c1ccccc1,11000.0
CHEMBL1171857,Cc1cc(C(=O)NCC(=O)OC(C(=O)Nc2cc(C(F)(F)F)ccc2Cl)c2ccccc2)ccc1[N+](=O)[O-],400.0
CHEMBL1172020,Cc1cc(NC(=O)COC(=O)C(Cc2ccccc2)NC(=O)c2ccco2)no1,38000.0
CHEMBL1172021,COc1ccc(Cl)cc1NC(=O)COC(=O)C(CC(C)C)N1C(=O)C2CC=CCC2C1=O,1000.0
CHEMBL1172022,CC(C)C(NC(=O)c1ccco1)C(=O)NCC(c1ccco1)N1CCCCC1,7000.0
CHEMBL1172971,Cc1ccccc1OCC(=O)NCC(=O)OCC(=O)c1ccc2ccccc2c1,700.0
CHEMBL1172972,O=C(CNC(=O)c1ccc(Cl)cc1)OCC(=O)c1ccc2c(c1)OCCO2,500.0
CHEMBL1173672,O=C(CNC(=O)c1ccccc1)OC(C(=O)Nc1cc(C(F)(F)F)ccc1Cl)c1ccccc1,300.0
CHEMBL1173673,COCCn1c(C)cc(C(=O)COC(=O)CNC(=O)c2ccccc2)c1C,18000.0
CHEMBL1173691,Cc1cc(NC(=O)COC(=O)C(Cc2c[nH]c3ccccc23)NC(=O)c2ccc(F)cc2)no1,3000.0
CHEMBL1173692,O=C(CNC(=O)c1ccc(Cl)cc1)OC(C(=O)Nc1ccc(Cl)cc1C(F)(F)F)c1ccccc1,700.0
CHEMBL1231476,O=S(=O)(Cc1ccccc1)NCB(O)O,500000.0
CHEMBL1231477,O=C(O)c1ccc(CS(=O)(=O)NCB(O)O)cc1,500000.0
CHEMBL1276253,CC1S/C(=N/N=C/CCSc2ccc(Cl)cc2)NC1=O,200.0
CHEMBL1276301,Cc1ccc(SC/C=N/N=C2\NC(=O)C(C)S2)cc1,20400.0
CHEMBL1276198,CC1S/C(=N/N=C/CCSc2ccccc2)NC1=O,400.0
CHEMBL1275672,CC1S/C(=N/N=C/CCSc2ccccc2)NC1=S,60.0
CHEMBL195454,CC(C)C[C@H](N[C@@H](c1ccc(-c2ccc(N3CCNCC3)cc2)cc1)C(F)(F)F)C(=O)NCC#N,1.8
CHEMBL1289440,CC(C)(F)C[C@H](N[C@@H](c1ccc(-c2ccc(S(C)(=O)=O)cc2)cc1)C(F)(F)F)C(=O)N[C@H](C#N)Cc1ccccc1,8.0
CHEMBL1289441,CC(C)(F)C[C@H](N[C@@H](c1ccc(-c2ccc(S(C)(=O)=O)cc2)cc1)C(F)(F)F)C(=O)NCC#N,183.0
CHEMBL1289553,CC(C)(F)C[C@H](N[C@@H](c1ccc(-c2ccc(S(C)(=O)=O)cc2)cc1)C(F)(F)F)C(=O)N[C@H](C#N)CC(F)(F)F,130.0
CHEMBL1288521,CC(C)(F)C[C@H](N[C@@H](c1ccc(-c2ccc(S(C)(=O)=O)cc2)cc1)C(F)(F)F)C(=O)N[C@H](C#N)CCc1ccccc1,510.0
CHEMBL1288522,CC(C)(F)C[C@H](N[C@@H](c1ccc(-c2ccc(S(C)(=O)=O)cc2)cc1)C(F)(F)F)C(=O)N[C@H](C#N)C1(c2ccccc2)CC1,10000.0
CHEMBL1289660,CC(C)(F)C[C@H](N[C@@H](c1ccc(-c2ccc(S(C)(=O)=O)cc2)cc1)C(F)(F)F)C(=O)N[C@H](C#N)Cc1ccncc1,6.0
CHEMBL1288523,CC(C)(F)C[C@H](N[C@@H](c1ccc(-c2ccc(S(C)(=O)=O)cc2)cc1)C(F)(F)F)C(=O)N[C@H](C#N)Cc1ccc(C#N)cc1F,1.0
CHEMBL1288524,CC(C)(F)C[C@H](N[C@@H](c1ccc(-c2ccc(S(C)(=O)=O)cc2)cc1)C(F)(F)F)C(=O)N[C@@H](C#N)Cc1ccc(C#N)cc1F,17.0
CHEMBL1288525,CC(C)(F)C[C@H](N[C@@H](c1ccc(-c2ccc(C3(C(N)=O)CC3)cc2)cc1)C(F)(F)F)C(=O)N[C@H](C#N)Cc1ccccc1,3.0
CHEMBL1288526,CC(C)(F)C[C@H](N[C@@H](c1ccc(-c2ccc(C3(C(=O)N4CCOCC4)CC3)cc2)cc1)C(F)(F)F)C(=O)N[C@H](C#N)Cc1ccccc1,3.0
CHEMBL1288527,CC(C)(F)C[C@H](N[C@@H](c1ccc(-c2ccc([C@@H](O)C(F)F)cc2)cc1)C(F)(F)F)C(=O)N[C@H](C#N)Cc1ccccc1,8.0
CHEMBL1288528,CC(C)(F)C[C@H](N[C@@H](c1ccc(-c2ccc(-c3ccncc3)cc2)cc1)C(F)(F)F)C(=O)N[C@H](C#N)Cc1ccccc1,8.0
CHEMBL1289764,CC(C)(F)C[C@H](N[C@@H](c1ccc(-c2cn[nH]c2)cc1)C(F)(F)F)C(=O)N[C@H](C#N)Cc1ccccc1,33.0
CHEMBL399361,CC(C)C[C@H](N[C@@H](c1ccc(-c2ccc(S(C)(=O)=O)cc2)cc1)C(F)(F)F)C(=O)N[C@H](C#N)Cc1ccccc1,0.2
CHEMBL1289988,CS(=O)(=O)c1ccc(-c2ccc([C@H](N[C@@H](CC3CC3)C(=O)N[C@H](C#N)Cc3ccccc3)C(F)(F)F)cc2)cc1,16.0
CHEMBL1290084,CS(=O)(=O)c1ccc(-c2ccc([C@H](N[C@@H](CC(Cl)Cl)C(=O)N[C@H](C#N)Cc3ccccc3)C(F)(F)F)cc2)cc1,0.1
CHEMBL1288529,CS(=O)(=O)c1ccc(-c2ccc([C@H](N[C@@H](Cc3ccccc3)C(=O)N[C@H](C#N)Cc3ccccc3)C(F)(F)F)cc2)cc1,7.0
CHEMBL1290191,CC(C)[C@H](N[C@@H](c1ccc(-c2ccc(S(C)(=O)=O)cc2)cc1)C(F)(F)F)C(=O)N[C@H](C#N)Cc1ccccc1,2.0
CHEMBL1290303,CS(=O)(=O)c1ccc(-c2ccc([C@H](N[C@H](C(=O)N[C@H](C#N)Cc3ccccc3)C3CC3)C(F)(F)F)cc2)cc1,7.0
CHEMBL1290418,CC(C)(C)[C@H](N[C@@H](c1ccc(-c2ccc(S(C)(=O)=O)cc2)cc1)C(F)(F)F)C(=O)N[C@H](C#N)Cc1ccccc1,380.0
CHEMBL1288530,CC(C)[C@H](N[C@@H](c1ccc(-c2ccc(S(C)(=O)=O)cc2)cc1)C(F)(F)F)C(=O)N[C@H](C#N)Cc1ccc(C#N)cc1F,0.2
CHEMBL1288531,CC(C)[C@H](N[C@@H](c1ccc(-c2ccc(C3(C(N)=O)CC3)cc2)cc1)C(F)(F)F)C(=O)N[C@H](C#N)Cc1ccc(C#N)cc1F,0.2
CHEMBL1288532,CC(C)[C@H](N[C@@H](c1ccc(-c2ccc([C@@H](O)C(F)F)cc2)cc1)C(F)(F)F)C(=O)N[C@H](C#N)Cc1ccc(C#N)cc1F,0.4
CHEMBL2042780,O=C(/C=C/c1ccccc1)N/N=C/c1ccccc1O,52200.0
CHEMBL2042788,O=C(/C=C/c1ccc2c(c1)OCO2)N/N=C/c1ccccc1O,74800.0
CHEMBL2042791,COc1cc(/C=N/NC(=O)/C=C/c2cc(OC)c(OC)c(OC)c2)cc([N+](=O)[O-])c1O,45900.0
CHEMBL2042792,COc1cc(/C=C/C(=O)N/N=C/c2ccccc2O)cc([N+](=O)[O-])c1OC,83900.0
CHEMBL2042793,COc1cc(/C=N/NC(=O)/C=C/c2cc(OC)c(OC)c([N+](=O)[O-])c2)cc([N+](=O)[O-])c1O,44700.0
CHEMBL2042797,O=C(CCc1ccccc1)N/N=C/c1ccccc1O,100000.0
CHEMBL507837,O=C(/C=C/c1ccc2c(c1)OCO2)c1ccc(Br)cc1,20000.0
CHEMBL2042801,COc1ccc2cc(O)c(C(=O)N/N=C/c3c(O)ccc4ccccc34)cc2c1,600.0
CHEMBL2158234,O=C(N/N=C/c1ccc2c(c1)OCO2)c1nc(-c2ccc(Br)cc2)no1,30.0
CHEMBL2158133,COc1cc(/C=N/NC(=O)c2nc(-c3ccc(Br)cc3)no2)ccc1O,200.0
CHEMBL2158132,COc1cc(/C=N/NC(=O)c2nc(-c3ccc(Cl)cc3)no2)ccc1O,40.0
CHEMBL2180349,C/C(COc1ccccc1)=N\Nc1nc(-c2ccccc2)cs1,20000.0
CHEMBL2180669,CCC1S/C(=N/N=C(\C)COc2ccccc2)N(C)C1=O,31900.0
CHEMBL2180665,C/C(COc1ccccc1)=N\N=C1/NC(=O)C(C(C)C)S1,18900.0
CHEMBL2180345,CCC1S/C(=N/N=C(\C)COc2ccccc2)NC1=S,18700.0
CHEMBL2180346,CCC1S/C(=N/N=C(\C)COc2ccccc2)N(c2ccc(C)cc2)C1=O,11800.0
CHEMBL2180340,C/C(COc1ccccc1)=N\N=C1\SC(C)C(=O)N1c1ccccc1,10800.0
CHEMBL2180339,C/C(COc1ccccc1)=N\N=C1\SCC(=O)N1c1ccccc1,10200.0
CHEMBL2180341,CCC1S/C(=N/N=C(\C)COc2ccccc2)N(c2ccccc2)C1=O,9500.0
CHEMBL2180347,CCC1S/C(=N/N=C(\C)COc2ccccc2)N(c2ccc(OC)cc2)C1=O,8700.0
CHEMBL2180670,C/C(COc1ccccc1)=N\N=C1\SC(C(C)C)C(=O)N1C,8000.0
CHEMBL2180344,C/C(COc1ccccc1)=N\N=C1\SC(c2ccccc2)C(=S)N1c1ccccc1,7000.0
CHEMBL2180342,C/C(COc1ccccc1)=N\N=C1\SC(C(C)C)C(=O)N1c1ccccc1,6600.0
CHEMBL151,O=c1cc(-c2ccc(O)c(O)c2)oc2cc(O)cc(O)c12,155700.0
CHEMBL44,O=c1c(-c2ccc(O)cc2)coc2cc(O)cc(O)c12,400000.0
CHEMBL2402108,O=C(NC(=S)Nc1ccc(O)cc1)c1sc2ccccc2c1Cl,10000.0
CHEMBL2402105,CSc1cccc(NC(=O)Nc2sc3ccccc3c2Cl)c1,10000.0
CHEMBL2402104,CCCc1c(NC(=O)Nc2ccc(OC(F)(F)F)cc2)cnn1-c1ccc(Cl)cc1,10000.0
CHEMBL2402106,CS(=O)(=O)c1sc(C(=O)NC(=S)Nc2ccc(OC(F)(F)F)cc2)c2ccccc12,6900.0
CHEMBL2402109,O=C(NC(=S)Nc1ncccc1OCc1ccccc1)c1cccn1S(=O)(=O)c1ccccc1,3000.0
CHEMBL2402102,Cn1nc(C(F)(F)F)cc1-c1ccc(NC(=O)Nc2cccc(C(F)(F)F)c2)s1,3100.0
CHEMBL2402107,CCOC(=O)c1ccc(NC(=S)NC(=O)c2ccc(Cl)c(Cl)c2)cc1,1900.0
CHEMBL2402103,O=C(Nc1ccc(Cl)cc1)Nc1csc(-c2ccc(C(F)(F)F)cc2)n1,1200.0
CHEMBL1572619,O=C(COc1ccccc1)NCCc1nc2ccccc2[nH]1,10900.0
CHEMBL3233081,O=C(COc1ccccc1F)NCCc1nc2ccccc2[nH]1,5300.0
CHEMBL3233082,O=C(COc1ccccc1Cl)NCCc1nc2ccccc2[nH]1,3000.0
CHEMBL1173694,O=C(COc1ccccc1Br)NCCc1nc2ccccc2[nH]1,800.0
CHEMBL3233083,O=C(COc1ccccc1I)NCCc1nc2ccccc2[nH]1,1600.0
CHEMBL3233084,N#Cc1ccccc1OCC(=O)NCCc1nc2ccccc2[nH]1,65100.0
CHEMBL3233085,O=C(COc1ccccc1[N+](=O)[O-])NCCc1nc2ccccc2[nH]1,13200.0
CHEMBL1346687,Cc1ccccc1OCC(=O)NCCc1nc2ccccc2[nH]1,4100.0
CHEMBL3233088,O=C(COc1cccc(Br)c1)NCCc1nc2ccccc2[nH]1,800.0
CHEMBL3233089,O=C(COc1ccc(Br)cc1)NCCc1nc2ccccc2[nH]1,2700.0
CHEMBL3233090,O=C(COc1cccc2ccccc12)NCCc1nc2ccccc2[nH]1,5200.0
CHEMBL3233091,O=C(COc1ccc2ccccc2c1)NCCc1nc2ccccc2[nH]1,3000.0
CHEMBL3233092,O=Cc1c(OCC(=O)NCCc2nc3ccccc3[nH]2)ccc2ccccc12,13500.0
CHEMBL3233093,O=C(COc1ccc2ccccc2c1CO)NCCc1nc2ccccc2[nH]1,12700.0
CHEMBL3233094,O=C(COc1ccc2ccccc2c1O)NCCc1nc2ccccc2[nH]1,8200.0
CHEMBL3233095,O=C(COc1ccc2ccccc2c1Br)NCCc1nc2ccccc2[nH]1,210.0
CHEMBL3233096,O=C(CCc1ccccc1Br)NCCc1nc2ccccc2[nH]1,77500.0
CHEMBL3233097,O=C(CSc1ccccc1)NCCc1nc2ccccc2[nH]1,38400.0
CHEMBL3233115,C=CCCn1c(CCNC(=O)COc2ccccc2Cl)nc2ccccc21,23900.0
CHEMBL3233116,CC(=O)n1c(CCNC(=O)COc2ccc(Br)cc2)nc2ccccc21,9900.0
CHEMBL3233118,O=C(COc1ccc2ccccc2c1Br)NCCc1nc2cc(Cl)ccc2[nH]1,600.0
CHEMBL3233119,COc1ccc2[nH]c(CCNC(=O)COc3ccc4ccccc4c3Br)nc2c1,540.0
CHEMBL3233120,Cc1ccc2[nH]c(CCNC(=O)COc3ccc4ccccc4c3Br)nc2c1,620.0
CHEMBL3291135,Cc1c(/C=N/NC(=O)c2ccc([N+](=O)[O-])cc2)no[n+]1[O-],11200.0
CHEMBL3291142,O=C(N/N=C/c1c(-c2ccccc2)no[n+]1[O-])c1ccc([N+](=O)[O-])cc1,15100.0
CHEMBL3329473,Cc1ccc(SCC/C=N/NC2=NC(=O)C(C)S2)cc1,20400.0
CHEMBL3329474,CC1SC(N/N=C/CCCSc2ccccc2)=NC1=O,400.0
CHEMBL3329506,Brc1ccc(-c2csc(N/N=C/c3ccccn3)n2)cc1,9500.0
CHEMBL3329513,O=[N+]([O-])c1cccc(-c2csc(N/N=C/c3ccccn3)n2)c1,1300.0
CHEMBL2409542,C/C(=N\Nc1nc(-c2ccccc2)cs1)c1ccccn1,1300.0
CHEMBL3329515,C/C(=N\Nc1nc(-c2ccc(C)cc2)cs1)c1ccccn1,400.0
CHEMBL3329518,C/C(=N\Nc1nc(-c2ccc(F)cc2)cs1)c1ccccn1,300.0
CHEMBL3329519,COc1ccc(-c2csc(N/N=C(\C)c3ccccn3)n2)cc1,40.0
CHEMBL3329520,C/C(=N\Nc1nc(-c2ccc(Cl)cc2Cl)cs1)c1ccccn1,4800.0
CHEMBL3329521,C/C(=N\Nc1nc(-c2ccc(Cl)c(Cl)c2)cs1)c1ccccn1,400.0
CHEMBL3329524,C/C(=N\Nc1nc(-c2ccc3ccccc3c2)cs1)c1ccccn1,10.0
CHEMBL3352912,CC1(C)CCc2c(cc(O)c(C(=O)CCc3ccc4c(c3)CC3C(C)(C)CCCC3(C)O4)c2O)O1,8700.0
CHEMBL3352911,CC(C)=CCc1cc(CCC(=O)c2c(O)cc3c(c2O)CCC(C)(C)O3)ccc1O,12000.0
CHEMBL3352910,CC1(C)CCc2cc(CCC(=O)c3c(O)cc4c(c3O)CCC(C)(C)O4)ccc2O1,21600.0
CHEMBL3360923,CC(C)=CCC/C(C)=C\Cc1c(O)cc(O)c(C(=O)CCc2ccc(O)cc2)c1O,7100.0
CHEMBL3613569,NC(=S)N/N=C(/COc1ccc(Br)cc1)c1ccc(-c2ccccc2)cc1,600.0
CHEMBL3613582,NC(=S)N/N=C(\COc1ccc(F)cc1)c1ccc(Br)cc1,400.0
CHEMBL3613583,NC(=S)N/N=C(\COc1ccc(F)c(Cl)c1)c1ccc(Br)cc1,70.0
CHEMBL3613587,NC(=S)N/N=C(\COc1ccc(Cl)c(Cl)c1)c1ccc(Br)cc1,8.0
CHEMBL592646,CCCCC(C(=O)COc1c(F)c(F)cc(F)c1F)n1cc([C@@](C)(NCc2ccc3ncccc3c2)C2CCCC2)nn1,27.0
CHEMBL3628592,COCCC(C(=O)COc1c(F)c(F)cc(F)c1F)n1cc([C@@](C)(NCc2ccc3ncccc3c2)C(C)C)nn1,340.0
CHEMBL3628591,CC(C)[C@](C)(NCc1ccc2ncccc2c1)c1cn(C(CCS(C)(=O)=O)C(=O)COc2c(F)c(F)cc(F)c2F)nn1,560.0
CHEMBL3628590,CCCCC(C(=O)COc1c(F)c(F)cc(F)c1F)n1cc([C@@](C)(NC(=O)c2ccc3ncccc3c2)C(C)C)nn1,1350.0
CHEMBL600002,CCCCC(C(=O)COc1c(F)c(F)cc(F)c1F)n1cc([C@@](C)(NCc2ccc3ncccc3c2)C(C)C)nn1,370.0
CHEMBL3628941,CC(C)[C@](C)(NCc1ccc2occc2c1)c1cn(C(CCS(C)(=O)=O)C(=O)COc2c(F)c(F)cc(F)c2F)nn1,880.0
CHEMBL3627733,C[C@@](NCc1ccc2occc2c1)(c1cn(C(CCS(C)(=O)=O)C(=O)COc2c(F)c(F)cc(F)c2F)nn1)C1CCCC1,790.0
CHEMBL3628942,CCCCC(C(=O)COc1c(F)c(F)cc(F)c1F)n1cc([C@@](C)(NCc2ccn3nccc3n2)C(C)C)nn1,75.0
CHEMBL3628943,CCCCC(C(=O)COc1c(F)c(F)cc(F)c1F)n1cc([C@@](C)(NCc2ccn3nccc3n2)C2CCCC2)nn1,3.0
CHEMBL3628944,CC(C)[C@](C)(NCc1ccn2nccc2n1)c1cn(C(CCS(C)(=O)=O)C(=O)COc2c(F)c(F)cc(F)c2F)nn1,467.0
CHEMBL3628945,COCCC(C(=O)COc1c(F)c(F)cc(F)c1F)n1cc([C@@](C)(NCc2ccn3nccc3n2)C2CCCC2)nn1,2820.0
CHEMBL3628932,CCCCC(C(=O)COc1c(F)c(F)cc(F)c1F)n1cc([C@@](C)(NCc2ccncc2)C(C)C)nn1,1100.0
CHEMBL3628933,CCCCC(C(=O)COc1c(F)c(F)cc(F)c1F)n1cc([C@@](C)(NC(=O)c2ccncc2)C(C)C)nn1,23000.0
CHEMBL3628934,CCCCC(C(=O)COc1c(F)c(F)cc(F)c1F)n1cc([C@@](C)(NCc2ccc3ncsc3c2)C(C)C)nn1,37.0
CHEMBL3628935,CCCCC(C(=O)COc1c(F)c(F)cc(F)c1F)n1cc([C@@](C)(NC(=O)c2ccc3ncsc3c2)C(C)C)nn1,3590.0
CHEMBL3628940,COCCC(C(=O)COc1c(F)c(F)cc(F)c1F)n1cc([C@@](C)(NCc2ccc3ncsc3c2)C2CCCC2)nn1,124.0
CHEMBL3628939,C[C@@](NCc1ccc2ncsc2c1)(c1cn(C(CCS(C)(=O)=O)C(=O)COc2c(F)c(F)cc(F)c2F)nn1)C1CCCC1,25.0
CHEMBL3628938,CCCCC(C(=O)COc1c(F)c(F)cc(F)c1F)n1cc([C@@](C)(NCc2ccc3ncsc3c2)C2CCCC2)nn1,5.0
CHEMBL3628937,COCCC(C(=O)COc1c(F)c(F)cc(F)c1F)n1cc([C@@](C)(NCc2ccc3ncsc3c2)C(C)C)nn1,63.0
CHEMBL3628936,CC(C)[C@](C)(NCc1ccc2ncsc2c1)c1cn(C(CCS(C)(=O)=O)C(=O)COc2c(F)c(F)cc(F)c2F)nn1,125.0
CHEMBL3827174,C=CCn1c(C)c(C(=O)OCC)s/c1=N\c1sc2c(c1C(=O)OCC)CCCC2,85000.0
CHEMBL3827864,CCOC(=O)c1c(/N=C2\SC(CC(=O)O)C(=O)N2c2ccccc2)sc2c1CCCC2,121000.0
CHEMBL3828195,C=CCN1C(=O)C(CC(=O)O)S/C1=N\c1sc2c(c1C(=O)OCC)CCCC2,50000.0
CHEMBL3827125,C=CCN1C(=O)C(CC(=O)O)S/C1=N\c1sc2c(c1C(=O)OC(C)C)CCCC2,111000.0
CHEMBL3828526,C=CCn1c(-c2ccccc2)cs/c1=N\c1sc2c(c1C(=O)OCC)CCCC2,2400.0
CHEMBL374508,CC(C)C[C@H](NC(=O)[C@H]1O[C@@H]1C(=O)O)C(=O)NCCCCN=C(N)N,400.0
CHEMBL1241726,Clc1ccc2c(NCCCN3CCOCC3)ccnc2c1,15000.0
CHEMBL148139,Clc1ccc2c(NCCN3CCOCC3)ccnc2c1,41000.0
CHEMBL31000,OCCNc1ccnc2cc(Cl)ccc12,62000.0
CHEMBL460418,OCCCNc1ccnc2cc(Cl)ccc12,28000.0
CHEMBL528696,Clc1ccc2c(NCc3ccccc3)ccnc2c1,44000.0
CHEMBL597857,Clc1ccc2[nH]c3c(NCCCN4CCOCC4)ncnc3c2c1,15000.0
CHEMBL4172128,NC1=NS(=O)(=O)Nc2nc(C3CCCCC3)[nH]c21,12000.0
CHEMBL4168973,NC1=NS(=O)(=O)Nc2nc(Cc3ccccc3)[nH]c21,23000.0
CHEMBL4176677,NC1=NS(=O)(=O)N(Cc2ccc(Cl)cc2)c2nc(-c3ccccc3F)[nH]c21,86000.0
CHEMBL4161560,NC1=NS(=O)(=O)N(Cc2ccccc2)c2nc(-c3ccccc3)n(Cc3ccccc3)c21,81000.0
CHEMBL3786939,C/C(=N\Nc1nc(C)cs1)c1ccc(Cl)c(Cl)c1,600.0
CHEMBL4165151,C/C(=N\Nc1nc(C)c(C)s1)c1ccc(Cl)c(Cl)c1,9000.0
CHEMBL4244085,CCOC(=O)/C=C/C=C/C(=O)[C@H](CCc1ccccc1)NC(=O)[C@H](Cc1ccccc1)NC(=O)N1CCOCC1,2000.0
CHEMBL4249696,CCOC(=O)/C=C/C(=O)[C@H](CCc1ccccc1)NC(=O)[C@H](CC(C)C)NC(=O)N1CCOCC1,340.0
CHEMBL4237990,CCOC(=O)/C=C/C(=O)[C@H](CC(C)C)NC(=O)[C@H](CC(C)C)NC(=O)N1CCOCC1,200.0
CHEMBL4242138,CCOC(=O)/C=C/C(=O)[C@H](CCc1ccccc1)NC(=O)[C@H](Cc1ccccc1)NC(=O)N1CCOCC1,300.0
CHEMBL4247707,CCOC(=O)/C=C/C(=O)[C@@H](CCc1ccccc1)NC(=O)[C@H](Cc1ccccc1)NC(=O)N1CCOCC1,330.0
CHEMBL4238441,CCOC(=O)/C=C/C(=O)[C@@H](CC(C)C)NC(=O)[C@H](Cc1ccccc1)NC(=O)OCc1ccccc1,20.0
CHEMBL4244656,CCOC(=O)/C=C/C(=O)[C@H](CC(C)C)NC(=O)[C@H](Cc1ccccc1)NC(=O)OCc1ccccc1,20.0
CHEMBL4248915,CCOC(=O)/C=C/C(=O)[C@H](C)NC(=O)[C@H](CC(C)C)NC(=O)OCc1ccccc1,630.0
CHEMBL4240920,CCOC(=O)/C=C/C(=O)[C@H](C)NC(=O)[C@H](Cc1ccccc1)NC(=O)OCc1ccccc1,300.0
CHEMBL4245127,CCOC(=O)/C=C/C(=O)[C@H](CCc1ccccc1)NC(=O)[C@H](CC(C)C)NC(=O)OCc1ccccc1,80.0
CHEMBL4250264,CCOC(=O)/C=C/[C@@H](O)[C@H](CCc1ccccc1)NC(=O)[C@H](Cc1ccccc1)NC(=O)N1CCOCC1,3750.0
CHEMBL4557939,CC(C)(F)C[C@H](N[C@@H](c1ccc(-c2ccc(N3CCNCC3)cc2)cc1)C(F)(F)F)C(=O)NCC#N,0.8
CHEMBL541700,CC[C@H](C)[C@@H](C(=O)O[C@@H](CC(C)C)C(=O)N[C@@H](CC(C)C)C(=O)N[C@@H](C)/C=C/C(=O)N1C(=O)C=C(OC)[C@@H]1C)N(C)C,0.26
CHEMBL4457500,COC1=CC(=O)N(C(=O)/C=C/[C@H](C)NC(=O)[C@H](CC(C)C)NC(=O)[C@H](CC(C)C)OC(=O)[C@H](C(C)C)N(C)C)[C@H]1C,2.89
CHEMBL4564747,CC[C@H](C)[C@@H](C(=O)O[C@@H](CC(C)C)C(=O)N[C@@H](CC(C)C)C(=O)N[C@@H](C)/C=C/C(=O)N1C(=O)C=C(OC)[C@@H]1Cc1ccccc1)N(C)C,0.76
CHEMBL4445744,COC1=CC(=O)N(C(=O)/C=C/[C@H](C)NC(=O)[C@H](CC(C)C)NC(=O)[C@H](CC(C)C)OC(=O)[C@H](Cc2ccccc2)N(C)C)[C@H]1Cc1ccccc1,0.73
CHEMBL4482954,CC[C@H](C)[C@@H](C(=O)O[C@@H](CC(C)C)C(=O)N[C@@H](CC(C)C)C(=O)N[C@@H](C)/C=C/C(=O)N1C(=O)C=C(OC)[C@@H]1CC(C)C)N(C)C,0.49
CHEMBL4527329,CC[C@H](C)[C@@H](C(=O)O[C@@H](CC(C)C)C(=O)N[C@@H](CC(C)C)C(=O)N[C@H](/C=C/C(=O)N1C(=O)C=C(OC)[C@@H]1C)Cc1ccccc1)N(C)C,0.84
CHEMBL4475810,COC1=CC(=O)N(C(=O)/C=C/[C@H](Cc2ccccc2)NC(=O)[C@H](CC(C)C)NC(=O)[C@H](CC(C)C)OC(=O)[C@H](Cc2ccccc2)N(C)C)[C@H]1C,1.2
CHEMBL4527867,CC[C@H](C)[C@@H](C(=O)O[C@@H](CC(C)C)C(=O)N[C@@H](CC(C)C)C(=O)N[C@H](/C=C/C(=O)N1C(=O)C=C(OC)[C@@H]1Cc1ccccc1)Cc1ccccc1)N(C)C,1.15
CHEMBL4471760,COC1=CC(=O)N(C(=O)/C=C/[C@H](Cc2ccccc2)NC(=O)[C@H](CC(C)C)NC(=O)[C@H](CC(C)C)OC(=O)[C@H](Cc2ccccc2)N(C)C)[C@H]1Cc1ccccc1,1.35
CHEMBL4441303,CC[C@H](C)[C@@H](C(=O)O[C@@H](CC(C)C)C(=O)N[C@@H](CC(C)C)C(=O)N[C@H](/C=C/C(=O)N1C(=O)C=C(OC)[C@@H]1CC(C)C)Cc1ccccc1)N(C)C,1.08
CHEMBL4447348,COC1=CC(=O)N(C(=O)/C=C/[C@H](Cc2ccccc2)NC(=O)[C@H](CC(C)C)NC(=O)[C@H](CC(C)C)OC(=O)[C@H](C(C)C)N(C)C)[C@H]1CC(C)C,0.25
CHEMBL4474668,CC[C@H](C)[C@@H](C(=O)O[C@@H](CC(C)C)C(=O)N[C@@H](CC(C)C)C(=O)N[C@H](/C=C/C(=O)N1C(=O)C=C(OC)[C@H]1Cc1ccccc1)Cc1ccccc1)N(C)C,1.07
CHEMBL4582558,COC1=CC(=O)N(C(=O)/C=C/[C@H](Cc2ccccc2)NC(=O)[C@H](CC(C)C)NC(=O)[C@H](CC(C)C)OC(=O)[C@H](Cc2ccccc2)N(C)C)[C@@H]1Cc1ccccc1,3.69
CHEMBL4468530,CC[C@H](C)[C@@H](C(=O)O[C@@H](CC(C)C)C(=O)N[C@@H](CC(C)C)C(=O)N[C@@H](/C=C/C(=O)N1C(=O)C=C(OC)[C@@H]1Cc1ccccc1)Cc1ccccc1)N(C)C,81.0
CHEMBL4514842,CC[C@H](C)[C@@H](C(=O)O[C@@H](CC(C)C)C(=O)N[C@@H](CC(C)C)C(=O)N[C@@H](/C=C/C(=O)N1C(=O)C=C(OC)[C@H]1Cc1ccccc1)Cc1ccccc1)N(C)C,37.14
CHEMBL4527930,C#CCCCCOC1=CC(=O)N(C(=O)/C=C/[C@H](C)NC(=O)[C@H](CC(C)C)NC(=O)[C@H](CC(C)C)OC(=O)[C@H]([C@@H](C)CC)N(C)C)[C@@H]1C,0.47
CHEMBL63226,O=C1c2c(O)cc(O)cc2OC(c2ccc(O)cc2)C1c1c(O)cc(O)c2c(=O)cc(-c3ccc(O)c(O)c3)oc12,9600.0
CHEMBL4534212,CC(=O)Oc1ccc(C2Oc3cc(OC(C)=O)cc(O)c3C(=O)C2c2c(OC(C)=O)cc(O)c3c(=O)cc(-c4ccc(OC(C)=O)c(OC(C)=O)c4)oc23)cc1,537000.0
CHEMBL4441556,COc1ccc(C2Oc3cc(OC)cc(O)c3C(=O)C2c2c(OC)cc(O)c3c(=O)cc(-c4ccc(OC)c(OC)c4)oc23)cc1,235000.0
CHEMBL4470415,CCCC(=O)Oc1ccc(C2Oc3cc(OC(=O)CCC)cc(O)c3C(=O)C2c2c(OC(=O)CCC)cc(O)c3c(=O)cc(-c4ccc(OC(=O)CCC)c(OC(=O)CCC)c4)oc23)cc1,8100.0
CHEMBL1922311,Nc1c(C2=NCCN2)cnn1-c1cc(Cl)cc(Cl)c1,24000.0
CHEMBL1922310,Nc1c(C2=NCCN2)cnn1-c1ccc(Cl)c(Cl)c1,180000.0
CHEMBL1458713,CC(C)C[C@H](NC(=O)[C@@H]1O[C@H]1C(=O)O)C(=O)NCCCCN=C(N)N,3000.0
CHEMBL3785388,Cc1ccc(C)c(SC/C=N/NC(N)=S)c1,3300.0
CHEMBL3787052,NC(=S)N/N=C/CSc1cccc(Cl)c1,19000.0
CHEMBL531738,Cn1c(=O)n(C)c2cc(CNCCNc3ccnc4cc(Cl)ccc34)ccc21,145000.0
CHEMBL582420,CCOc1cccc(C(=O)Nc2ccc(-c3nc4ccccc4[nH]3)cc2)c1,2600.0
CHEMBL597248,c1ccc(CNc2nc(Nc3ccccc3)nc3ccccc23)cc1,9000.0
CHEMBL4793916,Cl.Cl.Clc1cc(Br)ccc1-c1ccc(CNCC2CCNCC2)o1,26000.0
CHEMBL533921,COCCNC(=O)c1ccc(OC2CCN(Cc3ccc(F)c(F)c3)CC2)c(Cl)c1,5000.0
CHEMBL3785430,CC/C(=N\Nc1nc(-c2ccccc2)cs1)c1cccc(Br)c1,44600.0
CHEMBL3785603,CC/C(=N\Nc1nc(-c2ccc(C)cc2)cs1)c1cccc(Br)c1,19200.0
CHEMBL4744489,CC/C(=N\Nc1nc(-c2ccc(F)cc2)cs1)c1cccc(Br)c1,16500.0
CHEMBL4743580,CC/C(=N\Nc1nc(-c2ccc(Cl)cc2)cs1)c1cccc(Br)c1,32700.0
CHEMBL3787688,CC/C(=N\Nc1nc(-c2cccc([N+](=O)[O-])c2)cs1)c1cccc(Br)c1,14600.0
CHEMBL4747507,CC/C(=N\Nc1nc(-c2ccc(Cl)c(Cl)c2)cs1)c1cccc(Br)c1,11300.0
CHEMBL4746565,CC/C(=N\Nc1nc(-c2ccc(Cl)cc2Cl)cs1)c1cccc(Br)c1,15100.0
CHEMBL4782594,CC/C(=N\Nc1nc(-c2ccc3ccccc3c2)cs1)c1cccc(Br)c1,9500.0
CHEMBL4744510,CC/C(=N\Nc1nc(-c2ccccc2)c(C)s1)c1cccc(Br)c1,510.0
CHEMBL3787543,CC/C(=N\Nc1nc(-c2ccc(Br)cc2)c(C)s1)c1cccc(Br)c1,3800.0
CHEMBL4859457,CC(C)=CCC1=C(O)c2ccccc2/C(=N/NC(N)=S)C1=O,34000.0
CHEMBL4845877,CC(C)=CCC1=C(O)c2ccccc2/C(=N/NC(=O)c2ccncc2)C1=O,33000.0
CHEMBL4877896,O=C1C=C(Nc2ccc(S(=O)(=O)Nc3ccccn3)cc2)C(=O)c2ccccc21,6300.0
CHEMBL4878553,OCCCNc1nc(NCc2ccccc2)c2ccccc2n1,22000.0
CHEMBL530354,Oc1ccc(Nc2nc(NCc3ccccc3)c3ccccc3n2)cc1,18000.0
CHEMBL536813,Oc1cccc(Nc2nc(NCc3ccccc3)c3ccccc3n2)c1,18000.0
CHEMBL4863654,c1ccc(CNc2nc(Nc3nccs3)nc3ccccc23)cc1,16000.0
CHEMBL4849695,Clc1ccc(Nc2nc(NCc3ccccc3)c3ccccc3n2)cc1,2400.0
CHEMBL4851626,O=C(c1ccc(Nc2nc(NCc3ccccc3)c3ccccc3n2)cc1)N1CCOCC1,7000.0
CHEMBL4854591,OCCCNc1nc(Nc2cccc(F)c2)c2ccccc2n1,25000.0
CHEMBL4849162,O=C(c1ccc(Nc2nc(NCCCO)c3ccccc3n2)cc1)N1CCOCC1,15000.0
CHEMBL4865594,OCCCNc1nc(Nc2ccc(Cl)cc2)nc2ccccc12,7300.0
CHEMBL4848906,O=C(c1ccc(Nc2nc(NCCN3CCOCC3)c3ccccc3n2)cc1)N1CCOCC1,13500.0
CHEMBL4855177,Clc1ccc(Nc2nc(NCCN3CCOCC3)c3ccccc3n2)cc1,2500.0
CHEMBL598279,COc1ccc(Nc2nc(NCc3ccccc3)c3ccccc3n2)cc1,52000.0
CHEMBL17483,c1ccc(Nc2nc(Nc3ccccc3)c3ccccc3n2)cc1,14000.0
